incident_id,date,lat,lon,crime_type,temp,weather,weather_normalized
1,2011-05-11,39.4946,-74.1054,Burglary,1.9,Partly cloudy,partly cloudy
2,2011-12-22,40.1062,-74.5963,Theft,-2.6,Clear sky,clear sky
3,2019-05-08,39.1957,-74.3935,Fraud,1.9,Partly cloudy,partly cloudy
4,2020-05-06,40.0807,-74.2147,Robbery,-1.0,Mainly clear,mainly clear
5,2022-04-05,40.3391,-74.1413,Robbery,-1.9,Mainly clear,mainly clear
6,2012-05-06,38.9624,-74.3697,Fraud,2.1,Mainly clear,mainly clear
7,2022-01-23,39.6286,-74.7167,Theft,-2.6,Overcast,overcast
8,2013-10-10,40.2189,-74.9178,Burglary,-3.2,Clear sky,clear sky
9,2013-12-03,39.1078,-74.9978,Fraud,1.5,Clear sky,clear sky
10,2021-04-19,40.4654,-74.9507,Robbery,-3.1,Clear sky,clear sky
11,2020-03-16,40.4969,-75.1487,Vandalism,-3.4,Clear sky,clear sky
12,2017-07-24,39.9831,-75.0897,Assault,-1.0,Clear sky,clear sky
13,2019-08-12,40.0053,-74.0281,Robbery,1.8,Partly cloudy,partly cloudy
14,2010-11-30,41.3345,-74.6226,Vandalism,-2.9,Overcast,overcast
15,2011-07-18,40.7935,-74.5856,Fraud,-2.9,Overcast,overcast
16,2010-08-13,39.8597,-74.7944,Fraud,-1.2,Mainly clear,mainly clear
17,2014-01-24,40.4178,-75.0041,Fraud,-2.7,Clear sky,clear sky
18,2016-12-11,39.7539,-74.1392,Robbery,1.0,Overcast,overcast
19,2016-06-16,39.1765,-75.49,Burglary,-6.0,Clear sky,clear sky
20,2019-07-15,39.4223,-75.3978,Theft,-3.2,Clear sky,clear sky
21,2024-12-16,39.793,-75.1776,Fraud,-2.9,Clear sky,clear sky
22,2022-01-02,40.6134,-75.2057,Fraud,-3.7,Clear sky,clear sky
23,2015-11-02,39.8528,-75.2991,Burglary,-3.4,Clear sky,clear sky
24,2019-09-27,39.7933,-74.7017,Robbery,-1.4,Partly cloudy,partly cloudy
25,2024-08-02,40.2101,-74.479,Robbery,-2.8,Clear sky,clear sky
26,2011-02-10,41.0235,-74.9206,Fraud,-2.1,Overcast,overcast
27,2020-02-27,39.5131,-74.3268,Assault,-1.3,Overcast,overcast
28,2017-08-06,40.8671,-74.7263,Burglary,-3.2,Overcast,overcast
29,2010-03-23,40.1355,-75.2502,Assault,-3.0,Clear sky,clear sky
30,2012-02-12,39.2757,-74.0808,Assault,2.0,Clear sky,clear sky
31,2010-08-26,41.1755,-75.0361,Burglary,-3.2,Overcast,overcast
32,2013-07-14,40.5394,-74.4461,Vandalism,-1.2,Mainly clear,mainly clear
33,2022-06-04,40.4939,-74.9655,Fraud,-3.1,Clear sky,clear sky
34,2018-09-13,40.9729,-74.5651,Fraud,-3.0,Overcast,overcast
35,2019-10-29,40.1986,-73.9119,Theft,1.8,Partly cloudy,partly cloudy
36,2010-08-06,40.8536,-75.1361,Theft,-2.8,Partly cloudy,partly cloudy
37,2010-08-29,40.5763,-75.5067,Robbery,-1.7,Clear sky,clear sky
38,2018-06-04,39.7779,-74.4698,Theft,-0.7,Mainly clear,mainly clear
39,2017-05-22,41.336,-74.8811,Robbery,-4.8,Overcast,overcast
40,2019-05-18,39.1605,-74.862,Fraud,-1.6,Clear sky,clear sky
41,2020-01-10,40.8344,-73.9077,Assault,-2.2,Overcast,overcast
42,2018-01-11,39.5531,-74.2943,Robbery,-1.3,Overcast,overcast
43,2021-10-31,41.0529,-75.4222,Vandalism,-5.8,Mainly clear,mainly clear
44,2023-06-21,40.8673,-73.9982,Assault,-1.3,Partly cloudy,partly cloudy
45,2015-12-01,40.6909,-75.4592,Assault,-1.5,Clear sky,clear sky
46,2014-02-21,39.949,-75.4923,Robbery,-3.5,Clear sky,clear sky
47,2019-08-08,39.3762,-74.1691,Assault,1.8,Mainly clear,mainly clear
48,2011-02-13,40.6772,-74.4345,Assault,-3.2,Overcast,overcast
49,2010-11-02,39.0942,-74.1134,Assault,2.2,Mainly clear,mainly clear
50,2019-04-10,39.5685,-74.5163,Robbery,-1.4,Overcast,overcast
51,2010-01-11,39.6007,-74.1927,Vandalism,1.4,Overcast,overcast
52,2013-05-07,38.9431,-75.3302,Assault,-4.4,Clear sky,clear sky
53,2023-06-18,40.2289,-74.5901,Vandalism,-2.8,Mainly clear,mainly clear
54,2019-01-22,39.73,-74.8335,Fraud,-1.2,Partly cloudy,partly cloudy
55,2018-06-03,39.7126,-75.3308,Assault,-3.3,Clear sky,clear sky
56,2012-05-26,41.0421,-74.7181,Robbery,-2.2,Overcast,overcast
57,2010-06-08,41.294,-75.2677,Assault,-6.9,Partly cloudy,partly cloudy
58,2017-08-06,41.3116,-74.304,Theft,-2.8,Mainly clear,mainly clear
59,2012-10-04,39.801,-74.1179,Fraud,1.1,Overcast,overcast
60,2013-09-17,39.8117,-75.3517,Fraud,-1.4,Clear sky,clear sky
61,2020-01-16,39.1681,-75.4683,Fraud,-6.0,Clear sky,clear sky
62,2010-05-29,39.1378,-75.3926,Theft,-4.6,Clear sky,clear sky
63,2013-11-27,40.3702,-74.9652,Theft,-3.1,Clear sky,clear sky
64,2022-01-25,40.5982,-75.1901,Vandalism,-2.8,Clear sky,clear sky
65,2020-09-15,41.2095,-75.2925,Fraud,-6.8,Mainly clear,mainly clear
66,2021-11-13,39.1068,-75.2914,Vandalism,1.0,Clear sky,clear sky
67,2010-11-25,39.972,-74.8439,Vandalism,-2.2,Clear sky,clear sky
68,2020-10-22,40.7414,-74.349,Vandalism,-2.6,Overcast,overcast
69,2014-01-16,40.7116,-74.0308,Burglary,-1.5,Partly cloudy,partly cloudy
70,2020-02-08,40.3328,-75.5819,Fraud,-1.7,Clear sky,clear sky
71,2021-10-17,39.3957,-75.3687,Vandalism,-3.1,Clear sky,clear sky
72,2021-10-29,39.9063,-74.332,Fraud,-1.1,Mainly clear,mainly clear
73,2018-06-25,40.7417,-73.9172,Theft,-1.2,Overcast,overcast
74,2015-05-27,39.8243,-74.0755,Theft,1.5,Overcast,overcast
75,2023-04-01,39.7107,-74.9644,Robbery,-1.5,Partly cloudy,partly cloudy
76,2021-12-19,39.2188,-75.0012,Theft,-2.9,Clear sky,clear sky
77,2024-03-14,40.7126,-74.7341,Vandalism,-3.1,Overcast,overcast
78,2024-07-15,40.7127,-74.6516,Fraud,-3.1,Overcast,overcast
79,2013-03-05,40.9106,-75.168,Theft,-2.5,Mainly clear,mainly clear
80,2011-07-26,40.2718,-75.1096,Theft,-3.7,Clear sky,clear sky
81,2010-01-06,41.192,-75.4281,Burglary,-7.0,Overcast,overcast
82,2018-01-17,40.9655,-74.4799,Burglary,-2.7,Overcast,overcast
83,2023-02-08,41.1492,-74.5778,Assault,-1.8,Overcast,overcast
84,2016-10-15,40.9329,-74.1982,Vandalism,-2.7,Mainly clear,mainly clear
85,2012-09-23,41.0684,-74.8843,Robbery,-2.7,Overcast,overcast
86,2020-12-07,39.5025,-74.001,Fraud,2.0,Overcast,overcast
87,2012-03-07,41.2362,-74.7368,Burglary,-3.1,Overcast,overcast
88,2010-05-21,39.2477,-75.3102,Robbery,0.9,Clear sky,clear sky
89,2015-07-07,39.7809,-73.939,Assault,2.0,Overcast,overcast
90,2015-01-31,41.1513,-75.521,Vandalism,-6.4,Overcast,overcast
91,2011-05-06,39.9935,-74.5236,Burglary,-0.9,Mainly clear,mainly clear
92,2015-03-21,40.1719,-74.8532,Robbery,-3.3,Clear sky,clear sky
93,2023-01-21,39.54,-74.7938,Fraud,-3.4,Overcast,overcast
94,2018-12-19,38.942,-74.43,Burglary,2.0,Mainly clear,mainly clear
95,2021-01-11,38.9565,-74.7772,Robbery,1.9,Clear sky,clear sky
96,2022-02-05,41.2364,-74.8187,Burglary,-3.1,Overcast,overcast
97,2021-03-29,40.7707,-74.9089,Fraud,-3.0,Partly cloudy,partly cloudy
98,2013-08-06,39.5205,-73.9128,Robbery,2.1,Overcast,overcast
99,2011-02-18,39.0544,-74.435,Burglary,2.0,Mainly clear,mainly clear
100,2018-02-25,39.3023,-74.7416,Robbery,-3.1,Clear sky,clear sky
101,2017-01-07,39.8954,-74.1017,Robbery,1.4,Overcast,overcast
102,2020-07-08,39.7201,-74.4694,Burglary,-0.9,Mainly clear,mainly clear
103,2014-06-10,39.8822,-75.5501,Theft,-2.4,Clear sky,clear sky
104,2015-11-18,39.8717,-75.2157,Robbery,-2.8,Clear sky,clear sky
105,2015-04-21,39.1256,-74.5468,Theft,1.9,Clear sky,clear sky
106,2024-10-06,41.2758,-75.479,Robbery,-6.8,Overcast,overcast
107,2024-10-16,39.6578,-75.197,Robbery,-3.4,Clear sky,clear sky
108,2016-06-28,39.1552,-75.1261,Burglary,1.5,Clear sky,clear sky
109,2019-12-23,38.9245,-74.1806,Burglary,2.3,Mainly clear,mainly clear
110,2023-11-15,40.9647,-75.1189,Fraud,-1.9,Overcast,overcast
111,2018-02-25,39.7335,-74.9156,Assault,-2.7,Partly cloudy,partly cloudy
112,2024-05-01,39.9028,-75.4052,Assault,-2.5,Clear sky,clear sky
113,2016-03-04,39.2099,-74.2089,Robbery,2.0,Mainly clear,mainly clear
114,2017-06-22,38.9948,-74.2534,Vandalism,2.3,Mainly clear,mainly clear
115,2024-09-23,40.4737,-74.4253,Fraud,-1.1,Clear sky,clear sky
116,2013-07-03,41.1867,-74.6123,Assault,-2.3,Overcast,overcast
117,2012-05-23,40.6016,-75.2216,Fraud,-3.0,Clear sky,clear sky
118,2010-11-21,40.0653,-75.1329,Burglary,-2.2,Clear sky,clear sky
119,2011-09-24,40.1347,-75.4499,Assault,-2.8,Clear sky,clear sky
120,2011-02-04,40.5429,-74.7873,Robbery,-3.2,Clear sky,clear sky
121,2023-03-23,41.3594,-74.3979,Burglary,-2.9,Mainly clear,mainly clear
122,2014-10-03,39.3685,-74.7739,Robbery,-2.9,Overcast,overcast
123,2012-09-15,39.5528,-74.8168,Vandalism,-3.2,Overcast,overcast
124,2015-11-16,39.7247,-75.2166,Robbery,-3.5,Clear sky,clear sky
125,2012-01-18,39.6674,-75.0745,Fraud,-3.2,Partly cloudy,partly cloudy
126,2010-03-20,41.0474,-74.1822,Fraud,-2.3,Partly cloudy,partly cloudy
127,2014-07-07,40.9271,-74.7973,Burglary,-3.1,Overcast,overcast
128,2018-11-13,39.606,-75.1231,Burglary,-3.5,Partly cloudy,partly cloudy
129,2013-03-16,39.6182,-74.4919,Vandalism,-2.4,Overcast,overcast
130,2011-10-23,40.0704,-74.3428,Robbery,-0.9,Clear sky,clear sky
131,2022-11-01,39.8838,-75.3441,Theft,-3.4,Clear sky,clear sky
132,2022-01-23,39.4169,-74.5097,Robbery,-3.9,Partly cloudy,partly cloudy
133,2024-09-23,39.7741,-74.4203,Vandalism,-0.6,Mainly clear,mainly clear
134,2023-10-10,39.3714,-75.1061,Robbery,-4.0,Clear sky,clear sky
135,2015-01-29,39.1694,-75.4616,Theft,-5.0,Clear sky,clear sky
136,2012-04-20,40.8835,-75.4181,Vandalism,-3.8,Clear sky,clear sky
137,2021-05-31,40.0629,-74.5357,Assault,-1.9,Clear sky,clear sky
138,2024-06-25,41.2358,-75.5596,Fraud,-6.3,Overcast,overcast
139,2019-01-20,39.1041,-75.5692,Robbery,-4.0,Clear sky,clear sky
140,2015-07-31,40.499,-75.1548,Theft,-3.4,Clear sky,clear sky
141,2024-07-02,39.4506,-74.5918,Vandalism,-3.7,Overcast,overcast
142,2016-02-22,38.9751,-74.096,Robbery,2.3,Mainly clear,mainly clear
143,2013-05-22,40.1433,-75.2922,Robbery,-2.4,Clear sky,clear sky
144,2021-07-21,41.2688,-73.9762,Robbery,-2.0,Overcast,overcast
145,2020-10-09,38.9447,-74.0685,Fraud,2.5,Mainly clear,mainly clear
146,2020-01-24,39.7531,-75.5345,Assault,-3.8,Clear sky,clear sky
147,2022-05-26,40.7493,-75.2572,Fraud,-0.9,Clear sky,clear sky
148,2020-03-11,39.6662,-73.9301,Theft,2.0,Overcast,overcast
149,2024-09-06,39.2402,-75.2663,Robbery,1.0,Clear sky,clear sky
150,2017-04-18,39.4101,-74.4777,Fraud,-3.2,Mainly clear,mainly clear
151,2015-11-27,41.0778,-74.9844,Burglary,-1.1,Overcast,overcast
152,2014-08-05,40.6851,-75.1299,Fraud,-3.1,Mainly clear,mainly clear
153,2016-08-28,39.0239,-74.6107,Burglary,1.8,Partly cloudy,partly cloudy
154,2023-05-25,40.6553,-74.3332,Fraud,-1.5,Overcast,overcast
155,2017-01-06,40.9448,-74.5659,Vandalism,-2.4,Overcast,overcast
156,2020-11-30,40.0279,-75.3647,Robbery,-3.7,Clear sky,clear sky
157,2020-12-24,40.8439,-75.052,Robbery,-1.0,Partly cloudy,partly cloudy
158,2024-10-20,41.336,-74.8845,Vandalism,-4.8,Overcast,overcast
159,2023-03-25,39.1484,-74.7518,Assault,-2.8,Clear sky,clear sky
160,2010-05-25,40.6515,-74.3362,Robbery,-2.2,Overcast,overcast
161,2010-07-04,39.9583,-74.5975,Assault,-2.4,Mainly clear,mainly clear
162,2017-12-20,39.8365,-75.1279,Robbery,-1.4,Clear sky,clear sky
163,2014-07-25,40.2617,-74.9621,Vandalism,-3.8,Clear sky,clear sky
164,2014-02-18,41.0698,-75.2775,Fraud,-3.3,Partly cloudy,partly cloudy
165,2017-03-04,40.7371,-74.3744,Robbery,-2.4,Overcast,overcast
166,2023-04-24,41.2971,-74.6171,Burglary,-2.4,Overcast,overcast
167,2024-07-31,38.9392,-75.181,Assault,1.0,Clear sky,clear sky
168,2013-07-30,40.1592,-74.6258,Fraud,-2.6,Clear sky,clear sky
169,2013-04-29,40.976,-74.3696,Theft,-2.3,Overcast,overcast
170,2020-08-21,39.3956,-75.4802,Vandalism,-1.6,Clear sky,clear sky
171,2023-10-14,39.392,-74.8958,Fraud,-4.7,Partly cloudy,partly cloudy
172,2010-01-21,39.5286,-74.0124,Robbery,2.0,Overcast,overcast
173,2019-02-19,39.4999,-74.0072,Burglary,2.0,Mainly clear,mainly clear
174,2016-03-19,40.1238,-74.3763,Burglary,-1.2,Clear sky,clear sky
175,2024-06-30,40.0261,-74.9452,Theft,-3.0,Clear sky,clear sky
176,2023-08-05,40.6906,-75.3502,Robbery,-2.9,Clear sky,clear sky
177,2014-08-01,39.5893,-75.0218,Theft,-3.4,Partly cloudy,partly cloudy
178,2021-07-22,40.4664,-75.2231,Theft,-3.1,Clear sky,clear sky
179,2019-10-23,40.7463,-74.3584,Assault,-2.5,Overcast,overcast
180,2010-11-08,39.349,-74.8939,Fraud,-3.7,Mainly clear,mainly clear
181,2014-03-29,41.3431,-74.2939,Burglary,-3.3,Clear sky,clear sky
182,2017-04-28,40.1675,-75.1237,Vandalism,-2.5,Clear sky,clear sky
183,2015-06-30,39.6564,-75.5102,Burglary,-1.9,Clear sky,clear sky
184,2010-08-21,39.7416,-74.4118,Robbery,-0.6,Mainly clear,mainly clear
185,2020-11-12,39.2587,-74.6407,Burglary,-2.6,Clear sky,clear sky
186,2015-06-08,39.6173,-74.6378,Burglary,-3.0,Partly cloudy,partly cloudy
187,2023-07-28,41.3749,-74.7585,Theft,-2.7,Overcast,overcast
188,2017-08-12,39.9538,-74.5748,Robbery,-1.3,Mainly clear,mainly clear
189,2023-01-08,40.7519,-75.2663,Burglary,-1.0,Clear sky,clear sky
190,2013-07-05,38.923,-75.4193,Fraud,-4.3,Clear sky,clear sky
191,2017-09-05,40.6019,-75.5108,Vandalism,-1.5,Clear sky,clear sky
192,2024-10-08,40.11,-74.54,Robbery,-2.7,Clear sky,clear sky
193,2024-07-21,40.6809,-74.5017,Fraud,-3.6,Overcast,overcast
194,2024-04-08,39.5798,-74.162,Burglary,1.6,Overcast,overcast
195,2012-11-14,40.1935,-74.0802,Theft,-2.5,Mainly clear,mainly clear
196,2020-02-28,41.2902,-74.8447,Vandalism,-2.6,Overcast,overcast
197,2023-05-01,40.6282,-74.3468,Robbery,-2.2,Overcast,overcast
198,2012-11-11,41.2136,-75.3505,Vandalism,-6.7,Overcast,overcast
199,2012-12-31,40.1306,-74.278,Vandalism,-2.4,Clear sky,clear sky
200,2013-12-15,39.156,-75.5668,Theft,-4.0,Clear sky,clear sky
201,2018-11-19,39.9424,-73.9443,Assault,2.0,Overcast,overcast
202,2016-01-18,41.2369,-75.5619,Assault,-6.4,Overcast,overcast
203,2017-09-25,40.2151,-74.4742,Fraud,-2.7,Clear sky,clear sky
204,2010-04-01,40.537,-75.0595,Assault,-2.9,Clear sky,clear sky
205,2024-07-18,39.2022,-74.548,Assault,1.6,Partly cloudy,partly cloudy
206,2015-01-21,41.3377,-74.3862,Robbery,-3.1,Mainly clear,mainly clear
207,2024-04-27,40.3232,-75.3611,Theft,-2.2,Clear sky,clear sky
208,2018-01-29,40.4448,-74.2518,Fraud,-1.9,Clear sky,clear sky
209,2024-10-05,40.6088,-75.0323,Burglary,-3.2,Clear sky,clear sky
210,2024-01-20,39.5233,-74.5878,Vandalism,-3.6,Overcast,overcast
211,2020-02-10,40.6651,-73.9441,Burglary,-1.2,Overcast,overcast
212,2023-01-07,40.8625,-74.1848,Theft,-1.8,Partly cloudy,partly cloudy
213,2015-10-09,39.2206,-75.5457,Vandalism,-3.9,Clear sky,clear sky
214,2015-08-17,39.401,-74.8356,Burglary,-3.6,Overcast,overcast
215,2017-06-29,41.2226,-75.2353,Theft,-5.7,Partly cloudy,partly cloudy
216,2011-10-14,41.185,-75.1228,Robbery,-3.4,Overcast,overcast
217,2012-05-06,40.4089,-73.9899,Burglary,-2.1,Clear sky,clear sky
218,2018-07-20,39.603,-74.3061,Vandalism,-2.8,Overcast,overcast
219,2019-04-14,39.5663,-75.229,Robbery,-5.6,Clear sky,clear sky
220,2015-10-22,40.1869,-73.922,Burglary,1.8,Partly cloudy,partly cloudy
221,2012-12-22,39.7736,-74.8132,Theft,-0.9,Mainly clear,mainly clear
222,2021-11-28,40.5593,-74.3191,Theft,-2.0,Partly cloudy,partly cloudy
223,2023-12-08,41.3449,-74.7548,Vandalism,-2.5,Overcast,overcast
224,2018-01-27,39.1159,-75.4456,Robbery,-6.0,Clear sky,clear sky
225,2018-12-07,39.7535,-73.9267,Assault,2.0,Overcast,overcast
226,2019-02-02,39.5505,-74.454,Burglary,-3.6,Overcast,overcast
227,2022-03-30,39.4076,-75.4424,Vandalism,-1.6,Clear sky,clear sky
228,2011-05-06,40.4742,-74.4913,Vandalism,-2.1,Clear sky,clear sky
229,2013-05-02,40.7819,-75.2581,Fraud,-2.3,Clear sky,clear sky
230,2019-04-25,40.1342,-74.3566,Fraud,-1.2,Clear sky,clear sky
231,2016-05-08,39.2523,-73.9701,Burglary,2.2,Clear sky,clear sky
232,2011-06-12,41.2088,-73.9173,Theft,-0.4,Partly cloudy,partly cloudy
233,2019-09-19,40.9049,-74.2091,Burglary,-2.2,Mainly clear,mainly clear
234,2018-11-26,41.218,-74.3375,Assault,-2.8,Overcast,overcast
235,2016-01-15,40.676,-74.4294,Burglary,-3.3,Overcast,overcast
236,2020-04-14,41.0448,-75.2934,Theft,-3.5,Partly cloudy,partly cloudy
237,2010-08-09,41.1565,-75.0794,Robbery,-3.2,Overcast,overcast
238,2012-03-09,39.9982,-75.0057,Fraud,-1.0,Clear sky,clear sky
239,2024-04-20,40.4116,-74.6029,Theft,-3.1,Mainly clear,mainly clear
240,2014-04-17,39.0876,-75.0218,Burglary,1.5,Clear sky,clear sky
241,2015-08-04,39.9869,-74.3701,Burglary,-0.8,Mainly clear,mainly clear
242,2014-11-22,39.8387,-74.2812,Assault,-1.9,Partly cloudy,partly cloudy
243,2018-03-28,40.8296,-75.1938,Assault,-1.8,Mainly clear,mainly clear
244,2015-08-07,40.0327,-74.396,Assault,-0.9,Clear sky,clear sky
245,2019-12-25,40.2148,-74.5293,Fraud,-2.8,Clear sky,clear sky
246,2013-01-01,39.9587,-74.2949,Assault,-1.2,Partly cloudy,partly cloudy
247,2018-12-16,39.8365,-74.6392,Fraud,-1.2,Mainly clear,mainly clear
248,2011-12-27,41.1,-74.5042,Burglary,-2.1,Overcast,overcast
249,2015-11-15,40.8181,-74.2066,Vandalism,-1.8,Partly cloudy,partly cloudy
250,2014-09-06,39.7523,-75.2172,Robbery,-3.5,Clear sky,clear sky
251,2023-02-02,38.9569,-74.3686,Theft,2.1,Mainly clear,mainly clear
252,2023-06-13,40.6832,-74.557,Theft,-3.3,Overcast,overcast
253,2016-04-23,39.3392,-74.4494,Burglary,-1.0,Clear sky,clear sky
254,2019-07-21,40.2593,-74.2919,Vandalism,-1.6,Mainly clear,mainly clear
255,2013-11-14,38.9104,-74.7737,Burglary,1.9,Mainly clear,mainly clear
256,2017-11-21,40.279,-74.582,Assault,-2.8,Mainly clear,mainly clear
257,2023-03-14,38.9869,-74.5377,Robbery,2.0,Clear sky,clear sky
258,2014-11-20,39.4732,-74.4297,Vandalism,-3.5,Overcast,overcast
259,2022-11-14,39.0042,-75.4282,Assault,-5.0,Clear sky,clear sky
260,2016-01-27,41.2172,-75.3279,Theft,-6.5,Overcast,overcast
261,2018-09-30,40.9714,-75.5328,Robbery,-4.2,Clear sky,clear sky
262,2013-06-27,39.9142,-74.8365,Fraud,-2.2,Mainly clear,mainly clear
263,2011-04-15,40.0609,-74.6997,Vandalism,-2.2,Clear sky,clear sky
264,2010-04-01,39.4765,-74.9773,Vandalism,-3.7,Partly cloudy,partly cloudy
265,2014-03-23,40.4568,-74.2929,Vandalism,-1.3,Clear sky,clear sky
266,2019-06-22,40.1207,-75.3569,Theft,-1.5,Clear sky,clear sky
267,2020-01-08,39.0961,-75.272,Vandalism,1.0,Clear sky,clear sky
268,2016-04-18,39.8676,-75.4942,Burglary,-3.0,Clear sky,clear sky
269,2014-04-20,39.6728,-75.5706,Robbery,-1.4,Clear sky,clear sky
270,2010-07-03,40.8569,-73.9066,Burglary,-2.0,Overcast,overcast
271,2023-02-10,40.6867,-74.0354,Burglary,-1.7,Partly cloudy,partly cloudy
272,2017-02-12,39.3426,-74.7459,Robbery,-3.0,Partly cloudy,partly cloudy
273,2021-01-04,40.3504,-74.3563,Vandalism,-2.1,Clear sky,clear sky
274,2011-06-08,40.5361,-74.6715,Burglary,-3.4,Clear sky,clear sky
275,2023-09-28,39.2122,-74.155,Theft,2.0,Mainly clear,mainly clear
276,2019-07-03,40.0722,-74.8074,Fraud,-2.1,Clear sky,clear sky
277,2013-06-03,39.7795,-74.1041,Vandalism,1.5,Overcast,overcast
278,2016-10-23,39.323,-74.1447,Burglary,1.9,Mainly clear,mainly clear
279,2015-01-17,39.1849,-74.1466,Theft,2.1,Mainly clear,mainly clear
280,2016-09-03,39.5583,-74.9667,Burglary,-3.4,Overcast,overcast
281,2013-09-13,39.9744,-74.7433,Burglary,-2.2,Clear sky,clear sky
282,2024-03-07,40.8121,-75.0616,Vandalism,-1.6,Mainly clear,mainly clear
283,2015-02-20,40.2221,-75.1988,Robbery,-3.6,Clear sky,clear sky
284,2012-07-24,39.0585,-73.9381,Assault,2.5,Mainly clear,mainly clear
285,2012-03-29,39.9318,-75.364,Assault,-4.1,Clear sky,clear sky
286,2021-03-28,40.9605,-75.5011,Assault,-3.9,Clear sky,clear sky
287,2015-05-29,39.2591,-74.2845,Theft,1.9,Mainly clear,mainly clear
288,2011-11-03,40.078,-74.7205,Vandalism,-1.9,Clear sky,clear sky
289,2015-08-30,40.3098,-75.2426,Vandalism,-3.8,Clear sky,clear sky
290,2012-11-08,40.7708,-75.3613,Fraud,-1.9,Clear sky,clear sky
291,2014-04-15,39.5316,-75.144,Fraud,-3.7,Mainly clear,mainly clear
292,2023-05-14,39.3654,-74.8238,Burglary,-3.1,Overcast,overcast
293,2022-04-13,39.2406,-73.9946,Fraud,2.2,Clear sky,clear sky
294,2017-04-09,39.7758,-74.4962,Robbery,-0.7,Mainly clear,mainly clear
295,2017-08-02,41.0037,-74.8803,Fraud,-2.6,Overcast,overcast
296,2022-04-06,39.8595,-74.4088,Robbery,-0.8,Mainly clear,mainly clear
297,2014-06-28,41.1143,-74.1245,Vandalism,-1.5,Mainly clear,mainly clear
298,2010-01-29,40.4822,-75.36,Theft,-3.9,Clear sky,clear sky
299,2016-07-11,39.2614,-74.3798,Theft,1.8,Mainly clear,mainly clear
300,2020-11-06,40.6931,-75.0595,Burglary,-3.1,Mainly clear,mainly clear
301,2024-04-10,39.6703,-75.4831,Theft,-3.3,Clear sky,clear sky
302,2020-04-13,39.1372,-74.479,Vandalism,1.9,Partly cloudy,partly cloudy
303,2012-06-27,41.2936,-74.1785,Theft,-3.9,Clear sky,clear sky
304,2018-05-08,40.1129,-75.5547,Burglary,-2.8,Clear sky,clear sky
305,2016-04-20,40.1826,-74.5364,Assault,-2.7,Clear sky,clear sky
306,2017-06-30,39.8008,-75.1273,Robbery,-3.2,Mainly clear,mainly clear
307,2017-05-20,41.1541,-75.4418,Vandalism,-6.4,Overcast,overcast
308,2014-12-01,39.6181,-74.1403,Fraud,1.5,Partly cloudy,partly cloudy
309,2015-02-27,39.1902,-73.9433,Assault,2.4,Clear sky,clear sky
310,2024-07-27,39.0928,-74.1121,Burglary,2.2,Mainly clear,mainly clear
311,2024-10-09,41.1558,-73.9653,Vandalism,-1.3,Overcast,overcast
312,2020-02-02,39.0864,-74.8732,Theft,-2.3,Mainly clear,mainly clear
313,2013-12-01,38.9713,-75.4107,Vandalism,-4.2,Clear sky,clear sky
314,2016-06-02,41.3101,-75.0615,Theft,-5.7,Overcast,overcast
315,2016-09-20,39.7211,-74.3523,Fraud,-0.7,Mainly clear,mainly clear
316,2014-10-28,38.9041,-74.8768,Theft,-0.4,Partly cloudy,partly cloudy
317,2013-08-02,40.1459,-74.9268,Robbery,-3.7,Clear sky,clear sky
318,2015-11-17,39.0354,-75.2457,Assault,1.1,Clear sky,clear sky
319,2013-05-16,40.4166,-75.2657,Burglary,-2.3,Clear sky,clear sky
320,2012-01-19,39.8753,-74.1761,Fraud,-1.8,Overcast,overcast
321,2019-01-28,39.6155,-75.4281,Fraud,-2.3,Clear sky,clear sky
322,2022-11-26,41.2058,-75.1248,Burglary,-3.5,Overcast,overcast
323,2023-09-07,39.8719,-74.4182,Burglary,-0.7,Mainly clear,mainly clear
324,2023-01-12,40.1402,-74.8469,Assault,-3.2,Clear sky,clear sky
325,2021-12-15,41.128,-73.9824,Vandalism,-0.9,Mainly clear,mainly clear
326,2015-02-23,40.3678,-74.72,Vandalism,-4.0,Mainly clear,mainly clear
327,2010-01-20,41.1916,-75.2123,Robbery,-3.7,Partly cloudy,partly cloudy
328,2014-01-11,40.6998,-75.2675,Theft,-2.8,Clear sky,clear sky
329,2013-12-18,40.1819,-73.9498,Fraud,1.5,Mainly clear,mainly clear
330,2013-05-01,40.3105,-74.7428,Robbery,-2.9,Mainly clear,mainly clear
331,2017-03-30,40.066,-75.2686,Robbery,-2.7,Clear sky,clear sky
332,2023-09-16,40.113,-74.1881,Fraud,-2.3,Mainly clear,mainly clear
333,2019-12-05,39.5677,-75.1913,Robbery,-3.6,Mainly clear,mainly clear
334,2015-07-25,41.3325,-75.316,Burglary,-7.7,Overcast,overcast
335,2016-08-27,38.9419,-75.3643,Assault,-5.1,Clear sky,clear sky
336,2013-02-01,39.5997,-75.1831,Vandalism,-4.0,Mainly clear,mainly clear
337,2023-07-16,39.1604,-74.4715,Fraud,1.9,Overcast,overcast
338,2011-09-27,39.3303,-74.2728,Vandalism,1.9,Mainly clear,mainly clear
339,2024-11-02,41.3802,-75.3256,Burglary,-8.1,Overcast,overcast
340,2024-02-22,39.6907,-74.9275,Robbery,-2.8,Overcast,overcast
341,2022-04-08,39.8614,-74.0736,Theft,1.6,Overcast,overcast
342,2022-06-07,39.1185,-74.1028,Burglary,2.2,Mainly clear,mainly clear
343,2016-01-26,39.3207,-74.9084,Theft,-3.7,Mainly clear,mainly clear
344,2016-06-30,41.2368,-74.1658,Burglary,-3.2,Mainly clear,mainly clear
345,2021-07-08,40.0217,-74.1366,Theft,-0.9,Mainly clear,mainly clear
346,2023-07-22,39.8203,-75.0633,Robbery,-2.9,Mainly clear,mainly clear
347,2019-12-12,40.8561,-74.7777,Assault,-3.4,Overcast,overcast
348,2021-07-14,39.9316,-75.0465,Theft,-1.1,Clear sky,clear sky
349,2017-07-24,40.0213,-74.3903,Theft,-0.7,Mainly clear,mainly clear
350,2018-02-21,40.9759,-74.1803,Robbery,-2.5,Mainly clear,mainly clear
351,2013-04-23,40.4661,-75.3682,Vandalism,-3.9,Clear sky,clear sky
352,2015-04-22,40.6825,-74.9327,Theft,-4.1,Mainly clear,mainly clear
353,2017-12-11,40.1662,-75.3483,Burglary,-3.4,Clear sky,clear sky
354,2016-11-22,41.1265,-75.2738,Burglary,-4.0,Mainly clear,mainly clear
355,2023-02-01,40.1883,-74.3771,Robbery,-2.5,Clear sky,clear sky
356,2019-11-14,39.6585,-75.2302,Theft,-3.5,Clear sky,clear sky
357,2022-05-15,40.9552,-73.9474,Burglary,-2.0,Overcast,overcast
358,2013-11-23,40.6422,-73.9325,Robbery,-1.5,Overcast,overcast
359,2020-01-25,39.5949,-74.5365,Robbery,-3.0,Overcast,overcast
360,2023-06-23,41.1747,-74.2122,Burglary,-1.8,Overcast,overcast
361,2014-07-23,40.6695,-74.356,Robbery,-2.1,Overcast,overcast
362,2015-08-23,39.7021,-74.1028,Fraud,1.1,Overcast,overcast
363,2013-08-17,39.6041,-74.0887,Theft,1.8,Overcast,overcast
364,2024-01-08,40.1979,-74.0613,Fraud,-2.7,Mainly clear,mainly clear
365,2015-08-18,39.9713,-74.3793,Theft,-0.9,Mainly clear,mainly clear
366,2017-03-31,41.0586,-74.7275,Vandalism,-2.1,Overcast,overcast
367,2022-01-30,41.1833,-75.2923,Burglary,-6.1,Mainly clear,mainly clear
368,2013-12-01,39.3994,-74.3074,Fraud,1.3,Mainly clear,mainly clear
369,2011-11-26,38.9676,-74.6767,Robbery,2.0,Overcast,overcast
370,2015-02-24,39.3248,-74.9017,Robbery,-3.7,Mainly clear,mainly clear
371,2022-11-22,40.4378,-74.1251,Theft,-2.2,Clear sky,clear sky
372,2016-01-28,39.3113,-74.1667,Burglary,1.9,Mainly clear,mainly clear
373,2023-03-16,39.2854,-75.3327,Vandalism,0.8,Clear sky,clear sky
374,2023-09-09,40.4434,-74.3626,Burglary,-0.9,Clear sky,clear sky
375,2022-06-13,40.9647,-74.6648,Robbery,-2.7,Overcast,overcast
376,2010-12-18,39.3389,-75.3092,Vandalism,-2.8,Clear sky,clear sky
377,2011-12-04,39.4409,-74.6361,Theft,-3.6,Overcast,overcast
378,2012-04-05,39.7952,-74.6573,Assault,-1.0,Partly cloudy,partly cloudy
379,2017-12-30,39.9213,-75.0706,Robbery,-1.2,Clear sky,clear sky
380,2011-11-21,40.9287,-74.4834,Assault,-2.1,Overcast,overcast
381,2019-07-17,41.2185,-74.943,Burglary,-3.3,Overcast,overcast
382,2021-10-01,41.0342,-74.7123,Burglary,-2.1,Overcast,overcast
383,2022-02-23,41.3787,-75.524,Vandalism,-6.4,Overcast,overcast
384,2013-03-19,39.5228,-75.1907,Robbery,-3.7,Clear sky,clear sky
385,2022-07-18,40.4221,-74.8146,Burglary,-3.3,Clear sky,clear sky
386,2019-12-21,40.8209,-74.0491,Burglary,-1.5,Partly cloudy,partly cloudy
387,2013-09-17,40.1036,-74.2313,Vandalism,-2.3,Clear sky,clear sky
388,2014-03-01,40.2791,-74.8961,Vandalism,-3.1,Clear sky,clear sky
389,2012-12-20,39.9895,-75.4788,Burglary,-3.2,Clear sky,clear sky
390,2019-07-19,41.3848,-75.2866,Fraud,-7.0,Partly cloudy,partly cloudy
391,2023-11-07,39.8577,-75.5779,Robbery,-4.0,Clear sky,clear sky
392,2024-05-16,40.0208,-74.8264,Theft,-1.4,Clear sky,clear sky
393,2021-03-08,39.5918,-74.8431,Theft,-2.3,Overcast,overcast
394,2013-08-05,40.47,-73.9837,Vandalism,1.0,Mainly clear,mainly clear
395,2022-09-27,40.3026,-74.073,Robbery,-1.8,Clear sky,clear sky
396,2023-01-04,40.3174,-74.1884,Vandalism,-2.2,Mainly clear,mainly clear
397,2019-12-03,40.1293,-74.1516,Assault,-2.2,Mainly clear,mainly clear
398,2024-08-28,40.3827,-75.4411,Vandalism,-3.8,Clear sky,clear sky
399,2016-01-04,40.7615,-75.3607,Theft,-1.7,Clear sky,clear sky
400,2023-10-20,40.7113,-74.3725,Burglary,-2.3,Overcast,overcast
401,2015-05-15,39.6382,-75.5173,Theft,-3.5,Clear sky,clear sky
402,2024-07-04,39.0764,-74.3157,Theft,2.1,Mainly clear,mainly clear
403,2012-02-07,39.8225,-75.0093,Burglary,-2.9,Mainly clear,mainly clear
404,2011-02-18,39.4704,-73.9461,Theft,2.2,Mainly clear,mainly clear
405,2019-08-23,41.2987,-74.567,Burglary,-2.0,Overcast,overcast
406,2010-01-08,39.8823,-74.3185,Robbery,-1.2,Partly cloudy,partly cloudy
407,2017-06-22,40.6798,-74.1575,Assault,-1.4,Partly cloudy,partly cloudy
408,2013-10-30,41.0665,-75.1794,Burglary,-3.1,Partly cloudy,partly cloudy
409,2012-12-04,40.6258,-74.2211,Fraud,-2.2,Partly cloudy,partly cloudy
410,2011-07-14,39.2292,-75.2838,Burglary,1.0,Clear sky,clear sky
411,2013-02-09,41.0586,-74.6646,Fraud,-2.3,Overcast,overcast
412,2018-09-07,40.6721,-75.2327,Theft,-1.9,Clear sky,clear sky
413,2020-04-02,41.2254,-75.5049,Theft,-6.4,Overcast,overcast
414,2015-02-15,39.7828,-74.9151,Vandalism,-2.1,Mainly clear,mainly clear
415,2015-07-10,39.9166,-75.5323,Fraud,-2.3,Clear sky,clear sky
416,2018-02-03,40.3542,-74.0274,Assault,-2.6,Clear sky,clear sky
417,2020-02-25,40.8162,-74.4495,Robbery,-2.3,Overcast,overcast
418,2015-02-19,39.9666,-75.0273,Theft,-1.0,Clear sky,clear sky
419,2017-02-05,40.3792,-75.3018,Assault,-2.5,Clear sky,clear sky
420,2020-03-10,39.5709,-74.7527,Theft,-3.4,Overcast,overcast
421,2015-05-15,39.0505,-74.8352,Fraud,-3.3,Mainly clear,mainly clear
422,2016-11-29,41.2947,-74.4594,Burglary,-1.5,Overcast,overcast
423,2014-05-25,39.4026,-73.936,Vandalism,2.2,Clear sky,clear sky
424,2023-01-03,39.5442,-74.7632,Fraud,-3.6,Overcast,overcast
425,2013-06-03,41.0856,-75.1617,Robbery,-3.2,Overcast,overcast
426,2014-08-30,40.0402,-75.3131,Burglary,-2.8,Clear sky,clear sky
427,2023-10-13,39.2291,-75.2496,Burglary,-1.0,Clear sky,clear sky
428,2012-03-30,40.6241,-74.4782,Assault,-1.7,Mainly clear,mainly clear
429,2011-02-02,39.9984,-74.0768,Fraud,-0.8,Mainly clear,mainly clear
430,2022-09-22,40.4556,-74.3041,Vandalism,-1.3,Clear sky,clear sky
431,2022-06-08,40.3768,-74.7889,Robbery,-2.3,Mainly clear,mainly clear
432,2014-05-20,41.1755,-74.644,Fraud,-1.7,Overcast,overcast
433,2013-12-17,39.5374,-74.0576,Burglary,1.9,Overcast,overcast
434,2013-07-22,40.8468,-74.2556,Assault,-2.7,Mainly clear,mainly clear
435,2013-01-16,39.6305,-74.4606,Fraud,-2.3,Overcast,overcast
436,2020-07-03,41.3366,-74.2196,Vandalism,-3.7,Clear sky,clear sky
437,2021-09-07,39.6363,-74.8266,Fraud,-3.1,Overcast,overcast
438,2011-02-11,39.5139,-74.5895,Vandalism,-3.7,Overcast,overcast
439,2011-08-20,39.4048,-74.4044,Burglary,-1.8,Clear sky,clear sky
440,2015-07-29,41.0634,-74.7664,Fraud,-2.3,Overcast,overcast
441,2023-05-22,38.9349,-74.6601,Assault,2.0,Partly cloudy,partly cloudy
442,2024-02-06,39.4091,-75.2424,Burglary,-3.9,Clear sky,clear sky
443,2022-11-01,39.0483,-74.4815,Fraud,1.9,Mainly clear,mainly clear
444,2023-05-31,39.9339,-75.5209,Theft,-2.7,Clear sky,clear sky
445,2011-05-25,39.8698,-75.3783,Assault,-3.3,Clear sky,clear sky
446,2021-12-14,40.1768,-74.5507,Fraud,-2.7,Clear sky,clear sky
447,2017-08-26,39.5209,-74.5748,Burglary,-3.6,Overcast,overcast
448,2016-05-21,39.499,-74.7358,Robbery,-3.6,Overcast,overcast
449,2023-12-29,39.7962,-74.0792,Assault,1.5,Overcast,overcast
450,2010-10-16,40.4865,-73.9563,Vandalism,1.3,Mainly clear,mainly clear
451,2013-08-25,39.2206,-75.2793,Vandalism,1.0,Clear sky,clear sky
452,2022-06-27,39.9316,-75.31,Robbery,-3.7,Clear sky,clear sky
453,2017-03-28,39.7002,-74.9826,Theft,-3.2,Partly cloudy,partly cloudy
454,2020-07-06,38.9727,-74.1084,Robbery,2.3,Mainly clear,mainly clear
455,2022-05-12,40.6402,-74.8175,Vandalism,-2.3,Mainly clear,mainly clear
456,2019-11-20,39.7604,-74.7961,Burglary,-1.0,Partly cloudy,partly cloudy
457,2012-04-14,39.9991,-74.9803,Vandalism,-1.4,Clear sky,clear sky
458,2015-01-26,41.2215,-74.4601,Burglary,-1.9,Overcast,overcast
459,2017-05-06,41.3383,-75.178,Assault,-6.4,Partly cloudy,partly cloudy
460,2023-03-09,39.63,-75.3328,Fraud,-3.7,Clear sky,clear sky
461,2016-07-26,40.1329,-74.5834,Theft,-2.5,Clear sky,clear sky
462,2020-02-22,38.9004,-74.6876,Theft,2.1,Mainly clear,mainly clear
463,2010-03-07,41.3205,-74.9814,Robbery,-5.8,Overcast,overcast
464,2018-07-27,40.5221,-74.7821,Robbery,-3.0,Clear sky,clear sky
465,2011-09-30,40.7317,-75.1722,Vandalism,-2.0,Mainly clear,mainly clear
466,2024-06-12,40.7981,-74.1465,Vandalism,-1.2,Partly cloudy,partly cloudy
467,2011-11-10,40.0661,-74.1041,Fraud,-1.5,Mainly clear,mainly clear
468,2016-01-04,40.0807,-74.1781,Burglary,-0.8,Mainly clear,mainly clear
469,2011-11-17,39.0491,-74.0834,Assault,2.3,Mainly clear,mainly clear
470,2017-03-27,40.1213,-75.4528,Robbery,-2.7,Clear sky,clear sky
471,2012-03-25,40.6079,-74.3758,Assault,-2.3,Partly cloudy,partly cloudy
472,2020-04-27,40.2497,-73.9464,Burglary,1.4,Mainly clear,mainly clear
473,2010-03-29,39.8385,-74.1694,Assault,-1.5,Overcast,overcast
474,2013-03-29,39.6776,-74.1338,Assault,1.2,Overcast,overcast
475,2023-12-28,40.0516,-75.3925,Vandalism,-2.9,Clear sky,clear sky
476,2024-04-28,39.7244,-74.1163,Vandalism,1.2,Overcast,overcast
477,2010-03-09,39.9485,-74.3007,Theft,-1.1,Partly cloudy,partly cloudy
478,2023-12-10,41.3449,-74.7716,Burglary,-2.3,Overcast,overcast
479,2024-03-26,39.6296,-74.2727,Theft,-2.4,Overcast,overcast
480,2012-12-26,38.9236,-74.4265,Assault,2.0,Mainly clear,mainly clear
481,2015-11-04,41.247,-74.0434,Burglary,-2.8,Overcast,overcast
482,2016-08-22,40.3231,-74.6446,Assault,-2.4,Mainly clear,mainly clear
483,2021-04-03,39.7735,-75.1694,Theft,-3.1,Clear sky,clear sky
484,2020-10-18,39.8444,-74.7819,Theft,-1.3,Mainly clear,mainly clear
485,2018-05-24,41.3811,-73.96,Vandalism,-1.9,Mainly clear,mainly clear
486,2024-03-25,39.0197,-75.048,Assault,1.5,Clear sky,clear sky
487,2017-07-30,40.7884,-74.5554,Vandalism,-2.4,Overcast,overcast
488,2014-01-23,40.2722,-75.4518,Robbery,-3.6,Clear sky,clear sky
489,2018-06-21,40.3825,-74.418,Robbery,-1.2,Clear sky,clear sky
490,2010-10-09,39.2445,-74.5285,Robbery,1.4,Partly cloudy,partly cloudy
491,2016-01-15,39.3587,-74.0561,Assault,2.0,Clear sky,clear sky
492,2017-07-10,38.9802,-74.9989,Vandalism,-0.1,Mainly clear,mainly clear
493,2011-08-27,40.4804,-75.5966,Theft,-3.8,Clear sky,clear sky
494,2013-07-13,39.9613,-74.5661,Vandalism,-1.3,Mainly clear,mainly clear
495,2019-01-04,40.2756,-74.2096,Theft,-2.4,Clear sky,clear sky
496,2010-09-24,38.9431,-75.1403,Burglary,1.4,Clear sky,clear sky
497,2018-10-22,41.1438,-74.6111,Robbery,-2.2,Overcast,overcast
498,2019-10-31,40.484,-75.0581,Fraud,-2.7,Clear sky,clear sky
499,2016-03-31,39.8356,-75.0527,Robbery,-2.8,Mainly clear,mainly clear
500,2017-01-27,40.8489,-74.7542,Theft,-3.0,Overcast,overcast
501,2014-04-26,41.0992,-75.5354,Vandalism,-5.8,Overcast,overcast
502,2024-02-29,39.5613,-74.4051,Burglary,-3.6,Overcast,overcast
503,2011-07-12,40.8519,-74.0674,Assault,-2.3,Partly cloudy,partly cloudy
504,2018-06-09,41.1879,-75.3485,Burglary,-6.5,Overcast,overcast
505,2019-08-31,40.0724,-74.8098,Robbery,-2.1,Clear sky,clear sky
506,2020-07-21,40.7592,-75.0585,Vandalism,-3.2,Mainly clear,mainly clear
507,2011-03-21,40.9246,-74.1386,Theft,-1.1,Mainly clear,mainly clear
508,2020-07-18,40.6515,-74.1492,Theft,-2.1,Partly cloudy,partly cloudy
509,2016-02-02,40.7169,-74.843,Theft,-2.7,Mainly clear,mainly clear
510,2023-01-16,40.1186,-75.2572,Fraud,-2.8,Clear sky,clear sky
511,2023-09-05,39.601,-73.93,Vandalism,2.0,Overcast,overcast
512,2013-03-10,40.4906,-74.5418,Fraud,-3.0,Clear sky,clear sky
513,2013-04-02,39.3975,-75.5176,Burglary,-4.6,Clear sky,clear sky
514,2012-03-27,40.5569,-75.1577,Theft,-3.5,Clear sky,clear sky
515,2010-12-01,40.2473,-75.423,Fraud,-3.4,Clear sky,clear sky
516,2022-11-30,40.1399,-74.7974,Burglary,-2.7,Clear sky,clear sky
517,2017-01-13,40.4582,-75.3429,Robbery,-3.6,Clear sky,clear sky
518,2015-04-29,40.1686,-75.345,Vandalism,-3.5,Clear sky,clear sky
519,2018-02-05,40.4314,-74.4353,Assault,-1.0,Clear sky,clear sky
520,2013-03-07,40.6708,-74.9069,Vandalism,-3.4,Mainly clear,mainly clear
521,2011-07-02,40.0326,-74.8522,Robbery,-2.1,Clear sky,clear sky
522,2018-10-30,40.3978,-74.6719,Theft,-2.9,Mainly clear,mainly clear
523,2023-01-24,39.6109,-74.2251,Burglary,-2.2,Overcast,overcast
524,2016-02-02,38.9176,-74.7193,Vandalism,2.1,Mainly clear,mainly clear
525,2022-08-03,40.0591,-75.1054,Robbery,-2.2,Clear sky,clear sky
526,2011-10-30,39.5463,-74.4134,Vandalism,-3.4,Overcast,overcast
527,2010-05-30,40.3562,-74.191,Theft,-2.6,Mainly clear,mainly clear
528,2021-02-02,40.7781,-74.6729,Fraud,-3.2,Overcast,overcast
529,2010-11-02,39.3913,-75.2375,Robbery,-3.7,Clear sky,clear sky
530,2019-02-16,39.1726,-74.0233,Robbery,2.2,Clear sky,clear sky
531,2011-06-20,40.8855,-75.554,Fraud,-3.7,Clear sky,clear sky
532,2018-08-19,41.304,-74.1851,Vandalism,-3.7,Clear sky,clear sky
533,2020-05-13,39.7484,-73.9671,Burglary,1.9,Overcast,overcast
534,2021-11-11,39.0392,-74.9293,Theft,-0.6,Clear sky,clear sky
535,2020-01-17,40.8098,-75.0424,Vandalism,-2.4,Mainly clear,mainly clear
536,2021-03-19,39.0207,-75.0407,Theft,1.5,Clear sky,clear sky
537,2013-01-19,40.1878,-75.3301,Vandalism,-4.0,Clear sky,clear sky
538,2012-08-10,40.4743,-74.4267,Robbery,-1.2,Clear sky,clear sky
539,2021-07-23,39.3977,-75.0769,Theft,-4.2,Clear sky,clear sky
540,2013-01-13,38.9168,-75.457,Assault,-4.5,Clear sky,clear sky
541,2017-08-15,40.8247,-74.7364,Vandalism,-3.1,Overcast,overcast
542,2011-05-31,40.6268,-74.5082,Fraud,-3.3,Mainly clear,mainly clear
543,2017-01-28,39.482,-74.7609,Theft,-3.2,Overcast,overcast
544,2021-04-25,41.1521,-75.2038,Burglary,-3.0,Partly cloudy,partly cloudy
545,2010-10-29,40.9944,-75.4978,Vandalism,-5.5,Clear sky,clear sky
546,2020-07-22,40.8388,-74.8476,Burglary,-3.1,Overcast,overcast
547,2015-10-29,39.7,-74.9441,Fraud,-1.5,Partly cloudy,partly cloudy
548,2011-04-22,40.5713,-74.7759,Burglary,-2.9,Clear sky,clear sky
549,2017-09-22,40.846,-74.2327,Theft,-2.3,Mainly clear,mainly clear
550,2017-01-20,41.1192,-75.0918,Vandalism,-2.9,Overcast,overcast
551,2010-09-27,39.399,-74.2473,Theft,1.4,Mainly clear,mainly clear
552,2015-06-17,40.3305,-75.4919,Theft,-3.8,Clear sky,clear sky
553,2012-05-28,38.9067,-74.0986,Fraud,2.5,Mainly clear,mainly clear
554,2014-08-09,40.338,-74.0674,Theft,-1.9,Clear sky,clear sky
555,2024-11-10,40.9093,-74.8225,Fraud,-3.0,Overcast,overcast
556,2015-05-12,40.8321,-74.2699,Assault,-2.8,Overcast,overcast
557,2017-07-26,39.578,-74.4514,Assault,-3.6,Overcast,overcast
558,2020-08-01,39.6346,-74.8288,Burglary,-3.2,Overcast,overcast
559,2011-01-15,40.8096,-74.6158,Robbery,-3.2,Overcast,overcast
560,2010-06-15,39.851,-75.3844,Burglary,-3.3,Clear sky,clear sky
561,2018-05-28,41.383,-73.9767,Theft,-1.8,Clear sky,clear sky
562,2015-04-30,39.6818,-75.4015,Vandalism,-2.3,Clear sky,clear sky
563,2018-12-23,41.0906,-74.3465,Burglary,-2.6,Overcast,overcast
564,2014-07-13,39.1768,-74.3004,Robbery,2.0,Mainly clear,mainly clear
565,2019-09-19,40.5289,-74.6713,Vandalism,-3.4,Clear sky,clear sky
566,2020-09-27,40.0298,-75.1536,Fraud,-2.9,Clear sky,clear sky
567,2021-06-28,39.3561,-75.1748,Vandalism,-3.5,Clear sky,clear sky
568,2015-08-19,39.0805,-74.7393,Theft,-1.2,Partly cloudy,partly cloudy
569,2012-06-16,39.4901,-74.6682,Fraud,-3.5,Overcast,overcast
570,2013-05-08,40.9428,-75.4461,Theft,-4.1,Clear sky,clear sky
571,2024-06-02,40.2814,-75.5533,Vandalism,-3.0,Clear sky,clear sky
572,2024-09-30,39.8123,-74.1176,Burglary,1.3,Overcast,overcast
573,2016-08-20,40.8606,-75.3034,Robbery,-3.5,Clear sky,clear sky
574,2019-02-16,40.4881,-74.5481,Theft,-3.0,Clear sky,clear sky
575,2017-04-21,38.9816,-75.1967,Vandalism,1.1,Clear sky,clear sky
576,2014-11-08,39.9717,-74.0625,Burglary,1.5,Partly cloudy,partly cloudy
577,2012-05-09,38.9523,-74.072,Robbery,2.5,Mainly clear,mainly clear
578,2023-02-23,41.3568,-74.5685,Burglary,-3.3,Overcast,overcast
579,2020-01-08,40.0304,-75.4631,Burglary,-3.5,Clear sky,clear sky
580,2022-02-04,39.2704,-74.1343,Burglary,2.0,Mainly clear,mainly clear
581,2022-06-03,40.8671,-74.4719,Burglary,-2.2,Partly cloudy,partly cloudy
582,2024-06-13,39.0435,-74.1737,Robbery,2.3,Mainly clear,mainly clear
583,2022-07-12,40.5622,-74.6563,Assault,-3.1,Clear sky,clear sky
584,2016-02-19,41.3979,-73.9785,Burglary,-1.4,Clear sky,clear sky
585,2024-03-08,40.8659,-75.4737,Burglary,-3.9,Clear sky,clear sky
586,2018-03-04,38.9641,-75.3372,Robbery,-3.8,Clear sky,clear sky
587,2024-12-30,39.4217,-75.0201,Robbery,-4.0,Mainly clear,mainly clear
588,2014-06-25,41.2615,-74.195,Burglary,-2.9,Clear sky,clear sky
589,2020-08-29,41.2009,-75.3021,Assault,-6.6,Mainly clear,mainly clear
590,2017-03-29,41.0925,-74.2674,Vandalism,-1.4,Overcast,overcast
591,2013-06-11,41.2592,-74.8708,Fraud,-2.5,Overcast,overcast
592,2014-05-26,40.1219,-75.0164,Burglary,-2.3,Clear sky,clear sky
593,2023-01-04,39.7171,-74.9239,Assault,-2.7,Partly cloudy,partly cloudy
594,2017-06-08,39.8692,-74.931,Vandalism,-2.4,Clear sky,clear sky
595,2020-03-02,41.003,-75.4684,Assault,-5.6,Clear sky,clear sky
596,2024-08-25,39.9086,-74.6786,Robbery,-1.0,Mainly clear,mainly clear
597,2020-01-24,38.9653,-74.6204,Robbery,1.9,Partly cloudy,partly cloudy
598,2023-10-16,41.1156,-74.3269,Fraud,-2.5,Overcast,overcast
599,2014-04-08,41.2542,-74.7206,Fraud,-3.4,Overcast,overcast
600,2011-09-20,40.4236,-74.555,Fraud,-2.7,Mainly clear,mainly clear
601,2020-02-05,39.9521,-75.1791,Robbery,-2.5,Clear sky,clear sky
602,2016-09-29,40.2634,-75.0244,Theft,-3.3,Clear sky,clear sky
603,2018-04-06,41.2288,-74.9829,Theft,-3.7,Overcast,overcast
604,2024-10-20,40.602,-74.5766,Theft,-3.2,Clear sky,clear sky
605,2015-10-23,40.6595,-74.1651,Robbery,-2.1,Partly cloudy,partly cloudy
606,2017-05-27,40.3969,-74.5856,Vandalism,-2.5,Mainly clear,mainly clear
607,2020-05-05,39.801,-75.3514,Robbery,-1.4,Clear sky,clear sky
608,2019-01-09,40.5329,-74.6723,Burglary,-3.4,Clear sky,clear sky
609,2021-01-07,39.5619,-74.2747,Theft,0.9,Overcast,overcast
610,2015-04-18,40.8286,-75.3366,Assault,-2.8,Clear sky,clear sky
611,2021-12-07,39.3732,-75.3325,Fraud,-3.3,Clear sky,clear sky
612,2015-04-26,39.5455,-75.0351,Robbery,-3.7,Partly cloudy,partly cloudy
613,2016-04-03,40.0916,-74.6892,Assault,-2.4,Clear sky,clear sky
614,2010-07-01,40.0702,-75.3451,Burglary,-2.6,Clear sky,clear sky
615,2018-12-28,40.4909,-74.021,Fraud,1.1,Mainly clear,mainly clear
616,2012-06-07,40.8232,-73.9704,Theft,-1.5,Overcast,overcast
617,2013-11-24,39.0879,-75.0146,Theft,1.5,Clear sky,clear sky
618,2010-03-08,41.1552,-73.9143,Vandalism,-0.4,Partly cloudy,partly cloudy
619,2015-02-13,41.1551,-74.9065,Robbery,-2.0,Overcast,overcast
620,2012-11-10,40.5752,-75.0489,Vandalism,-3.4,Clear sky,clear sky
621,2019-10-11,40.0907,-74.9958,Fraud,-3.6,Clear sky,clear sky
622,2017-03-08,40.5103,-73.991,Vandalism,1.5,Partly cloudy,partly cloudy
623,2019-11-13,39.0319,-74.5059,Assault,1.9,Mainly clear,mainly clear
624,2016-03-05,40.2548,-74.9953,Vandalism,-3.4,Clear sky,clear sky
625,2022-05-12,41.115,-74.4726,Fraud,-2.5,Overcast,overcast
626,2012-10-12,39.655,-74.4008,Burglary,-1.3,Overcast,overcast
627,2021-05-18,39.4959,-74.3332,Assault,-1.3,Overcast,overcast
628,2011-05-09,39.5223,-74.9528,Burglary,-3.8,Overcast,overcast
629,2013-12-03,40.9665,-74.0335,Theft,-2.2,Overcast,overcast
630,2019-08-02,39.7016,-74.2601,Assault,-2.2,Partly cloudy,partly cloudy
631,2016-09-25,39.1085,-73.9049,Burglary,2.5,Clear sky,clear sky
632,2012-07-06,39.5176,-74.8252,Burglary,-3.2,Overcast,overcast
633,2010-03-13,40.1059,-74.5679,Vandalism,-2.5,Clear sky,clear sky
634,2010-01-21,40.1091,-74.2659,Assault,-2.2,Clear sky,clear sky
635,2012-01-03,39.8439,-74.7215,Robbery,-2.8,Mainly clear,mainly clear
636,2011-08-29,40.91,-74.9996,Vandalism,-2.4,Overcast,overcast
637,2010-05-10,38.9856,-74.5118,Vandalism,2.0,Mainly clear,mainly clear
638,2011-07-17,39.9011,-75.4844,Theft,-3.1,Clear sky,clear sky
639,2019-01-21,40.1402,-75.585,Vandalism,-2.5,Clear sky,clear sky
640,2012-05-17,40.3374,-74.3875,Fraud,-2.1,Mainly clear,mainly clear
641,2015-12-06,39.1128,-74.9526,Fraud,1.5,Clear sky,clear sky
642,2018-06-14,39.7006,-74.6981,Fraud,-1.2,Partly cloudy,partly cloudy
643,2010-12-11,40.2315,-75.3925,Fraud,-3.2,Clear sky,clear sky
644,2015-09-18,41.0905,-74.5966,Vandalism,-1.8,Overcast,overcast
645,2010-10-26,39.8455,-74.0609,Theft,1.5,Overcast,overcast
646,2017-05-22,39.4368,-74.9887,Burglary,-3.9,Partly cloudy,partly cloudy
647,2022-09-26,39.0953,-75.4182,Fraud,-5.0,Clear sky,clear sky
648,2017-06-16,40.6817,-75.1578,Fraud,-2.9,Mainly clear,mainly clear
649,2024-04-04,40.4092,-74.7572,Vandalism,-3.1,Mainly clear,mainly clear
650,2010-12-27,39.6636,-75.1906,Vandalism,-3.4,Clear sky,clear sky
651,2013-01-01,40.1724,-74.2564,Theft,-2.4,Mainly clear,mainly clear
652,2020-02-26,39.6002,-74.7206,Fraud,-2.7,Overcast,overcast
653,2019-12-26,41.3509,-74.9996,Vandalism,-5.3,Overcast,overcast
654,2022-06-02,39.7477,-74.1162,Fraud,1.4,Overcast,overcast
655,2020-12-03,39.728,-74.6506,Burglary,-1.2,Partly cloudy,partly cloudy
656,2015-11-06,40.9503,-74.5113,Theft,-2.1,Overcast,overcast
657,2021-07-10,41.1016,-74.2772,Assault,-1.4,Overcast,overcast
658,2020-05-05,39.9091,-75.1419,Theft,-2.4,Clear sky,clear sky
659,2019-08-06,39.7127,-75.3722,Vandalism,-3.5,Clear sky,clear sky
660,2012-06-10,40.9117,-74.2937,Vandalism,-2.7,Overcast,overcast
661,2017-11-11,40.7293,-75.1777,Burglary,-1.6,Mainly clear,mainly clear
662,2018-11-10,39.2476,-75.2023,Burglary,-1.0,Clear sky,clear sky
663,2021-11-14,39.447,-75.2029,Assault,-3.8,Clear sky,clear sky
664,2016-07-11,40.8141,-75.3752,Robbery,-3.1,Clear sky,clear sky
665,2023-08-26,40.9364,-73.9124,Theft,-2.2,Overcast,overcast
666,2013-07-19,40.2265,-74.3121,Robbery,-1.1,Clear sky,clear sky
667,2021-08-25,39.0628,-75.3582,Robbery,-4.1,Clear sky,clear sky
668,2013-09-17,39.2967,-74.2335,Assault,1.9,Mainly clear,mainly clear
669,2013-08-23,39.8291,-74.0396,Theft,1.8,Overcast,overcast
670,2018-03-28,40.4157,-75.5822,Theft,-2.1,Clear sky,clear sky
671,2022-08-17,41.3684,-75.1049,Theft,-6.4,Overcast,overcast
672,2010-02-24,39.1429,-74.6614,Fraud,1.1,Clear sky,clear sky
673,2020-11-24,39.4686,-75.3863,Fraud,-3.4,Clear sky,clear sky
674,2022-06-14,39.6715,-74.732,Vandalism,-1.3,Overcast,overcast
675,2019-05-10,39.634,-75.0182,Theft,-3.3,Partly cloudy,partly cloudy
676,2013-07-03,40.763,-74.4574,Burglary,-2.4,Overcast,overcast
677,2023-06-01,40.5123,-74.3807,Fraud,-2.1,Clear sky,clear sky
678,2011-06-27,38.962,-75.4432,Assault,-4.3,Clear sky,clear sky
679,2023-05-07,40.1926,-74.5954,Burglary,-2.7,Clear sky,clear sky
680,2013-12-09,40.7222,-74.3007,Assault,-1.5,Overcast,overcast
681,2016-01-11,41.3935,-74.3567,Burglary,-3.1,Mainly clear,mainly clear
682,2015-08-02,39.6044,-73.9284,Assault,2.0,Overcast,overcast
683,2021-08-13,40.7283,-74.6033,Theft,-3.1,Overcast,overcast
684,2010-05-15,41.1166,-75.2568,Fraud,-2.7,Partly cloudy,partly cloudy
685,2021-07-18,39.4142,-75.0727,Assault,-3.4,Mainly clear,mainly clear
686,2013-04-29,40.1585,-74.4688,Robbery,-2.6,Clear sky,clear sky
687,2023-08-01,38.9474,-74.583,Theft,1.9,Mainly clear,mainly clear
688,2023-11-24,39.534,-74.0362,Assault,1.9,Overcast,overcast
689,2010-10-05,39.1985,-75.0185,Assault,-2.9,Clear sky,clear sky
690,2014-10-12,39.3286,-74.8337,Vandalism,-1.4,Mainly clear,mainly clear
691,2023-06-16,40.493,-74.5567,Assault,-3.0,Clear sky,clear sky
692,2016-09-11,40.7379,-74.0216,Burglary,-1.4,Partly cloudy,partly cloudy
693,2023-08-04,40.489,-74.3545,Fraud,-1.2,Clear sky,clear sky
694,2023-06-14,40.7549,-75.1902,Assault,-0.9,Mainly clear,mainly clear
695,2010-01-23,39.3053,-74.532,Assault,-2.3,Clear sky,clear sky
696,2016-06-24,40.8373,-74.5039,Burglary,-2.1,Overcast,overcast
697,2015-02-13,39.0299,-74.6755,Fraud,1.8,Overcast,overcast
698,2020-10-15,39.5328,-75.4688,Vandalism,-3.7,Clear sky,clear sky
699,2020-10-22,40.5124,-74.84,Vandalism,-2.6,Clear sky,clear sky
700,2016-01-12,39.4174,-75.4495,Robbery,-1.6,Clear sky,clear sky
701,2016-08-05,40.1144,-74.2034,Assault,-2.2,Mainly clear,mainly clear
702,2021-03-24,40.4921,-74.4989,Assault,-2.3,Clear sky,clear sky
703,2017-04-11,39.8255,-75.2831,Theft,-3.1,Clear sky,clear sky
704,2018-06-05,40.3386,-75.4935,Robbery,-3.5,Clear sky,clear sky
705,2014-01-05,39.2029,-74.844,Fraud,-3.6,Clear sky,clear sky
706,2023-07-04,39.6603,-74.9023,Burglary,-3.1,Overcast,overcast
707,2018-10-17,41.2162,-74.8697,Theft,-2.0,Overcast,overcast
708,2015-07-09,39.1846,-74.4419,Vandalism,1.9,Overcast,overcast
709,2019-06-27,40.7235,-74.4187,Fraud,-3.1,Overcast,overcast
710,2020-06-30,40.1417,-75.4614,Theft,-2.9,Clear sky,clear sky
711,2021-04-14,39.3951,-75.0553,Burglary,-4.5,Clear sky,clear sky
712,2022-04-12,41.2915,-74.5139,Theft,-1.6,Overcast,overcast
713,2020-12-16,41.3543,-74.0874,Assault,-3.1,Mainly clear,mainly clear
714,2015-12-03,39.1805,-74.7033,Burglary,-2.4,Clear sky,clear sky
715,2021-02-08,40.5584,-74.8477,Assault,-2.4,Clear sky,clear sky
716,2013-11-18,41.2333,-74.2244,Theft,-3.1,Mainly clear,mainly clear
717,2023-02-02,40.4412,-73.9685,Vandalism,1.0,Mainly clear,mainly clear
718,2012-09-01,41.0611,-75.3226,Vandalism,-3.5,Mainly clear,mainly clear
719,2024-08-31,39.7905,-75.0322,Vandalism,-2.3,Mainly clear,mainly clear
720,2016-05-17,39.1775,-74.8615,Theft,-3.1,Clear sky,clear sky
721,2023-03-03,40.1888,-74.2134,Fraud,-2.6,Mainly clear,mainly clear
722,2012-04-13,40.0009,-74.5059,Assault,-0.9,Mainly clear,mainly clear
723,2023-06-13,40.3759,-75.51,Robbery,-3.5,Clear sky,clear sky
724,2020-09-29,39.9299,-74.5928,Fraud,-2.4,Mainly clear,mainly clear
725,2020-12-26,40.3815,-74.0508,Burglary,-2.6,Clear sky,clear sky
726,2020-11-30,39.7724,-75.0134,Assault,-2.8,Mainly clear,mainly clear
727,2019-02-01,39.2162,-74.784,Burglary,-3.4,Clear sky,clear sky
728,2020-04-13,40.6429,-74.9083,Burglary,-3.3,Mainly clear,mainly clear
729,2022-06-01,40.3835,-74.5276,Fraud,-1.7,Clear sky,clear sky
730,2020-10-11,41.2162,-75.1281,Theft,-3.6,Overcast,overcast
731,2011-06-14,39.3319,-74.123,Burglary,1.9,Mainly clear,mainly clear
732,2022-03-01,40.482,-74.159,Theft,1.0,Mainly clear,mainly clear
733,2012-03-22,40.9397,-74.1247,Vandalism,-1.2,Mainly clear,mainly clear
734,2015-11-05,40.68,-73.9256,Theft,-1.1,Overcast,overcast
735,2014-06-01,40.7256,-75.3109,Robbery,-1.4,Clear sky,clear sky
736,2018-07-02,39.5396,-74.0344,Fraud,1.9,Overcast,overcast
737,2022-02-11,40.4294,-74.5166,Theft,-2.6,Clear sky,clear sky
738,2011-07-14,40.5917,-75.2595,Vandalism,-3.5,Clear sky,clear sky
739,2022-05-28,39.3022,-75.1585,Theft,-3.4,Clear sky,clear sky
740,2016-05-01,39.6675,-74.2383,Robbery,-2.9,Overcast,overcast
741,2024-09-08,39.0782,-74.4051,Assault,2.0,Partly cloudy,partly cloudy
742,2024-07-28,39.0601,-75.5733,Burglary,-4.1,Clear sky,clear sky
743,2016-06-01,39.5247,-74.6569,Assault,-3.6,Overcast,overcast
744,2016-02-15,40.7559,-75.12,Vandalism,-2.6,Mainly clear,mainly clear
745,2012-05-11,39.2406,-74.6941,Vandalism,-3.4,Clear sky,clear sky
746,2018-01-07,39.5402,-73.9714,Assault,2.0,Overcast,overcast
747,2020-11-08,41.1242,-74.3041,Robbery,-1.2,Overcast,overcast
748,2011-02-01,41.1023,-75.4255,Burglary,-5.9,Overcast,overcast
749,2020-12-20,39.7033,-75.4363,Theft,-2.6,Clear sky,clear sky
750,2015-11-03,40.4589,-73.9776,Fraud,1.0,Mainly clear,mainly clear
751,2022-08-01,39.0766,-74.4599,Theft,1.9,Mainly clear,mainly clear
752,2019-05-30,39.328,-75.4586,Vandalism,-3.8,Clear sky,clear sky
753,2010-09-19,40.0473,-74.2971,Burglary,-1.1,Mainly clear,mainly clear
754,2013-07-29,41.3705,-74.1354,Fraud,-3.7,Clear sky,clear sky
755,2024-06-05,41.3861,-75.1768,Theft,-6.1,Overcast,overcast
756,2012-02-12,40.1537,-74.4823,Vandalism,-2.7,Clear sky,clear sky
757,2019-06-08,40.1562,-73.9911,Burglary,-1.2,Mainly clear,mainly clear
758,2020-04-02,40.4915,-75.442,Theft,-3.8,Clear sky,clear sky
759,2014-09-01,39.6114,-75.5052,Fraud,-3.2,Clear sky,clear sky
760,2017-04-26,39.4541,-75.0987,Fraud,-3.7,Mainly clear,mainly clear
761,2010-03-12,40.6527,-75.2813,Burglary,-1.5,Clear sky,clear sky
762,2016-12-06,40.6626,-75.5635,Robbery,-1.3,Clear sky,clear sky
763,2010-07-29,41.3459,-75.4662,Fraud,-7.0,Overcast,overcast
764,2021-05-12,40.246,-74.9903,Theft,-3.1,Clear sky,clear sky
765,2015-06-17,41.066,-74.3595,Fraud,-2.5,Overcast,overcast
766,2010-09-20,40.948,-74.4038,Theft,-2.4,Overcast,overcast
767,2019-05-21,41.2066,-74.7001,Fraud,-1.7,Overcast,overcast
768,2023-03-08,40.1331,-75.5609,Fraud,-2.6,Clear sky,clear sky
769,2023-12-30,39.045,-74.748,Fraud,-1.2,Partly cloudy,partly cloudy
770,2023-02-17,39.1645,-73.9739,Assault,2.3,Clear sky,clear sky
771,2021-08-05,40.0586,-74.9205,Assault,-2.2,Clear sky,clear sky
772,2021-11-17,40.2635,-75.2349,Vandalism,-3.3,Clear sky,clear sky
773,2024-06-30,39.8695,-73.9016,Vandalism,2.0,Overcast,overcast
774,2018-03-08,40.1959,-74.4955,Burglary,-2.7,Clear sky,clear sky
775,2013-04-30,41.0452,-74.1513,Theft,-1.3,Mainly clear,mainly clear
776,2010-07-14,41.0271,-73.9755,Assault,-2.0,Overcast,overcast
777,2022-11-03,40.6123,-74.112,Assault,-2.6,Overcast,overcast
778,2011-06-17,40.8983,-74.5734,Robbery,-1.6,Overcast,overcast
779,2023-01-10,40.1387,-75.4287,Burglary,-2.9,Clear sky,clear sky
780,2013-06-09,39.8604,-74.9947,Theft,-2.9,Mainly clear,mainly clear
781,2014-08-13,39.9109,-74.768,Fraud,-2.1,Mainly clear,mainly clear
782,2016-12-19,40.0327,-74.2023,Fraud,-1.1,Mainly clear,mainly clear
783,2022-12-22,40.9123,-74.9921,Theft,-2.4,Overcast,overcast
784,2021-09-10,40.9548,-74.5257,Assault,-2.7,Overcast,overcast
785,2021-03-06,41.0242,-74.0484,Burglary,-1.4,Mainly clear,mainly clear
786,2011-02-15,40.719,-74.1521,Burglary,-1.2,Partly cloudy,partly cloudy
787,2018-06-11,38.9756,-75.0495,Burglary,1.5,Mainly clear,mainly clear
788,2013-10-26,40.9774,-74.5284,Fraud,-2.6,Overcast,overcast
789,2022-07-29,39.7067,-75.0564,Assault,-3.2,Mainly clear,mainly clear
790,2022-03-09,39.8071,-74.9016,Robbery,-1.4,Mainly clear,mainly clear
791,2021-07-22,41.0438,-75.4242,Robbery,-5.9,Mainly clear,mainly clear
792,2013-04-15,40.8258,-75.5253,Assault,-3.2,Clear sky,clear sky
793,2020-05-12,40.0661,-74.7951,Assault,-2.0,Clear sky,clear sky
794,2015-06-05,40.7097,-74.1561,Theft,-1.2,Partly cloudy,partly cloudy
795,2018-11-06,39.9458,-73.938,Vandalism,2.0,Overcast,overcast
796,2017-11-11,39.7073,-74.2751,Burglary,-2.1,Partly cloudy,partly cloudy
797,2018-01-25,40.4043,-75.5722,Burglary,-3.1,Clear sky,clear sky
798,2012-05-21,39.6475,-74.9909,Vandalism,-3.4,Partly cloudy,partly cloudy
799,2024-02-18,41.2535,-74.9509,Vandalism,-3.8,Overcast,overcast
800,2020-10-23,40.664,-75.3865,Fraud,-2.9,Clear sky,clear sky
801,2021-05-20,39.4233,-75.4084,Robbery,-3.2,Clear sky,clear sky
802,2014-04-16,40.5744,-75.0686,Assault,-3.4,Clear sky,clear sky
803,2021-10-11,40.354,-74.6142,Theft,-2.5,Mainly clear,mainly clear
804,2011-04-22,41.3446,-73.9891,Burglary,-3.1,Mainly clear,mainly clear
805,2010-06-26,39.5928,-75.5344,Burglary,-1.8,Clear sky,clear sky
806,2014-06-15,39.8527,-75.3124,Burglary,-3.4,Clear sky,clear sky
807,2011-09-22,39.9929,-75.5586,Vandalism,-2.9,Clear sky,clear sky
808,2022-03-24,39.5074,-74.6182,Robbery,-3.7,Overcast,overcast
809,2010-03-25,39.2916,-74.3904,Burglary,1.6,Clear sky,clear sky
810,2013-03-07,39.6749,-74.029,Vandalism,1.8,Overcast,overcast
811,2016-02-15,39.7922,-75.5041,Assault,-3.8,Clear sky,clear sky
812,2019-03-04,40.8582,-75.2007,Vandalism,-2.6,Partly cloudy,partly cloudy
813,2021-04-03,38.9654,-75.0936,Fraud,1.5,Clear sky,clear sky
814,2011-04-05,39.4963,-73.9852,Robbery,2.1,Mainly clear,mainly clear
815,2010-03-25,40.3306,-75.3851,Fraud,-3.5,Clear sky,clear sky
816,2010-11-28,39.5095,-74.3007,Robbery,-1.3,Overcast,overcast
817,2018-10-01,41.2146,-74.129,Fraud,-3.0,Mainly clear,mainly clear
818,2015-02-12,39.9395,-74.7914,Vandalism,-2.4,Clear sky,clear sky
819,2017-10-31,40.2314,-74.1326,Fraud,-2.8,Clear sky,clear sky
820,2015-09-16,40.1692,-74.6175,Fraud,-2.6,Clear sky,clear sky
821,2013-11-21,40.0695,-75.5955,Assault,-3.1,Clear sky,clear sky
822,2021-05-09,40.2962,-75.2611,Robbery,-3.7,Clear sky,clear sky
823,2021-11-14,41.0792,-74.7843,Robbery,-2.0,Overcast,overcast
824,2012-06-12,41.2063,-75.3113,Fraud,-7.1,Mainly clear,mainly clear
825,2013-01-15,39.702,-75.5475,Fraud,-3.0,Clear sky,clear sky
826,2018-06-02,39.8698,-73.9867,Fraud,1.9,Overcast,overcast
827,2011-03-20,40.2303,-74.6667,Theft,-2.4,Clear sky,clear sky
828,2023-09-19,40.9276,-74.4617,Fraud,-2.3,Overcast,overcast
829,2016-03-07,40.7328,-74.9469,Robbery,-2.7,Mainly clear,mainly clear
830,2010-08-10,41.3483,-74.7311,Assault,-2.2,Overcast,overcast
831,2020-08-21,41.1893,-75.5263,Vandalism,-6.4,Overcast,overcast
832,2019-12-22,39.5913,-75.3114,Fraud,-3.9,Clear sky,clear sky
833,2017-09-13,40.1148,-74.9649,Robbery,-3.5,Clear sky,clear sky
834,2018-07-11,39.0468,-75.0888,Assault,1.5,Clear sky,clear sky
835,2015-07-11,38.9468,-74.0858,Vandalism,2.5,Mainly clear,mainly clear
836,2018-11-29,40.3316,-74.6531,Vandalism,-2.8,Mainly clear,mainly clear
837,2014-12-01,41.2756,-74.1043,Burglary,-3.4,Mainly clear,mainly clear
838,2018-10-30,40.1496,-74.4743,Assault,-2.8,Clear sky,clear sky
839,2024-04-26,39.1204,-74.5759,Robbery,1.9,Clear sky,clear sky
840,2010-08-25,39.783,-75.1754,Burglary,-2.9,Clear sky,clear sky
841,2014-04-28,39.3462,-75.0796,Fraud,-3.7,Clear sky,clear sky
842,2010-10-17,39.0551,-74.4013,Vandalism,2.0,Partly cloudy,partly cloudy
843,2020-10-09,40.5761,-75.4526,Assault,-1.6,Clear sky,clear sky
844,2015-01-28,41.3399,-74.3549,Vandalism,-3.2,Mainly clear,mainly clear
845,2010-01-17,39.2497,-74.1693,Robbery,2.0,Mainly clear,mainly clear
846,2021-07-04,40.1366,-74.7028,Assault,-2.6,Clear sky,clear sky
847,2010-07-02,40.8659,-75.2812,Theft,-4.1,Clear sky,clear sky
848,2022-07-05,39.0519,-74.8672,Vandalism,-2.2,Clear sky,clear sky
849,2023-04-15,41.3581,-75.045,Robbery,-5.4,Overcast,overcast
850,2010-05-11,40.068,-74.5593,Fraud,-2.2,Clear sky,clear sky
851,2010-09-26,41.1156,-73.918,Robbery,-1.7,Partly cloudy,partly cloudy
852,2015-02-27,40.19,-74.6147,Theft,-2.8,Clear sky,clear sky
853,2022-12-21,41.3413,-73.9076,Fraud,-2.5,Partly cloudy,partly cloudy
854,2012-11-03,41.2999,-74.0254,Robbery,-2.7,Overcast,overcast
855,2017-04-24,41.0806,-74.5033,Theft,-2.2,Overcast,overcast
856,2013-05-19,40.0959,-73.91,Robbery,1.9,Overcast,overcast
857,2013-04-09,40.9162,-75.2284,Fraud,-4.3,Clear sky,clear sky
858,2013-07-21,39.5314,-74.8158,Theft,-3.5,Overcast,overcast
859,2021-12-22,40.2128,-74.8703,Theft,-3.3,Clear sky,clear sky
860,2014-08-25,40.218,-74.2028,Burglary,-2.7,Clear sky,clear sky
861,2018-10-21,40.4351,-74.7386,Theft,-3.1,Mainly clear,mainly clear
862,2024-07-10,40.3358,-73.9865,Robbery,-2.2,Clear sky,clear sky
863,2011-02-02,40.77,-74.0086,Fraud,-1.4,Overcast,overcast
864,2014-05-23,39.8275,-74.6287,Assault,-1.6,Mainly clear,mainly clear
865,2020-01-05,41.1355,-74.4894,Assault,-3.0,Overcast,overcast
866,2012-03-21,39.935,-74.8182,Robbery,-2.3,Mainly clear,mainly clear
867,2016-01-06,39.4467,-75.1768,Burglary,-3.9,Clear sky,clear sky
868,2020-02-04,40.8187,-74.6953,Theft,-2.9,Overcast,overcast
869,2010-05-18,40.1136,-74.4948,Theft,-2.5,Clear sky,clear sky
870,2021-10-30,41.1314,-74.5086,Theft,-3.5,Overcast,overcast
871,2017-05-24,40.8379,-75.4755,Robbery,-3.2,Clear sky,clear sky
872,2018-05-09,40.0877,-73.9337,Burglary,1.8,Overcast,overcast
873,2017-07-30,38.9103,-74.163,Robbery,2.5,Mainly clear,mainly clear
874,2010-02-24,39.9549,-75.1172,Burglary,-1.3,Clear sky,clear sky
875,2017-10-20,40.8454,-73.9247,Assault,-2.3,Overcast,overcast
876,2011-09-07,39.0693,-74.2118,Fraud,2.2,Mainly clear,mainly clear
877,2017-03-23,39.2903,-74.3174,Theft,1.8,Mainly clear,mainly clear
878,2019-12-30,40.7691,-74.9123,Robbery,-2.9,Partly cloudy,partly cloudy
879,2018-09-11,40.5372,-75.1111,Robbery,-3.2,Clear sky,clear sky
880,2020-12-20,39.8105,-74.0134,Assault,1.8,Overcast,overcast
881,2011-02-17,39.5256,-74.7103,Vandalism,-3.7,Overcast,overcast
882,2016-04-24,39.944,-75.5211,Vandalism,-2.8,Clear sky,clear sky
883,2023-09-16,39.4139,-73.9292,Robbery,2.1,Clear sky,clear sky
884,2016-03-15,39.2109,-74.7763,Assault,-3.4,Clear sky,clear sky
885,2019-04-27,39.8573,-74.782,Vandalism,-1.2,Mainly clear,mainly clear
886,2020-04-21,39.5707,-74.4807,Assault,-3.2,Overcast,overcast
887,2010-05-31,38.9798,-74.5914,Burglary,1.9,Mainly clear,mainly clear
888,2024-10-20,40.1586,-75.2792,Theft,-2.4,Clear sky,clear sky
889,2023-03-27,39.6864,-75.4402,Burglary,-1.5,Clear sky,clear sky
890,2014-07-10,39.9496,-74.6904,Vandalism,-1.9,Mainly clear,mainly clear
891,2015-05-02,39.2776,-74.2741,Vandalism,2.0,Mainly clear,mainly clear
892,2017-05-12,41.0318,-74.0477,Burglary,-1.5,Mainly clear,mainly clear
893,2011-05-19,39.0406,-75.2081,Theft,1.3,Clear sky,clear sky
894,2013-04-13,41.081,-74.1482,Theft,-1.1,Overcast,overcast
895,2017-04-26,39.7381,-74.5209,Theft,-0.9,Mainly clear,mainly clear
896,2020-01-05,39.8724,-74.0969,Burglary,1.4,Overcast,overcast
897,2012-05-21,39.4802,-74.2144,Vandalism,1.5,Mainly clear,mainly clear
898,2024-09-21,38.911,-74.8018,Vandalism,1.8,Mainly clear,mainly clear
899,2023-04-08,40.4664,-74.9426,Theft,-3.2,Clear sky,clear sky
900,2016-12-31,41.0208,-75.5482,Vandalism,-5.2,Mainly clear,mainly clear
901,2021-04-09,38.9421,-75.4804,Vandalism,-4.4,Clear sky,clear sky
902,2017-10-05,39.5482,-75.4578,Theft,-3.8,Clear sky,clear sky
903,2020-10-31,40.9724,-74.011,Theft,-2.1,Overcast,overcast
904,2022-08-16,41.0126,-74.2337,Vandalism,-2.5,Partly cloudy,partly cloudy
905,2019-12-02,39.0003,-74.7466,Assault,1.8,Partly cloudy,partly cloudy
906,2011-02-07,40.66,-74.696,Fraud,-3.2,Mainly clear,mainly clear
907,2021-06-20,40.0922,-73.9438,Burglary,1.8,Overcast,overcast
908,2017-05-14,40.7774,-75.3232,Assault,-1.3,Clear sky,clear sky
909,2021-05-17,39.5104,-74.2097,Robbery,1.5,Overcast,overcast
910,2014-02-06,40.7423,-74.8603,Theft,-3.3,Mainly clear,mainly clear
911,2014-12-29,40.0375,-75.3489,Theft,-3.9,Clear sky,clear sky
912,2023-04-29,40.657,-74.8316,Burglary,-2.7,Mainly clear,mainly clear
913,2014-11-10,40.619,-74.6193,Fraud,-3.1,Mainly clear,mainly clear
914,2013-11-25,40.2162,-74.7957,Theft,-3.0,Clear sky,clear sky
915,2018-09-18,38.9722,-74.9637,Robbery,-0.1,Mainly clear,mainly clear
916,2019-12-05,40.0907,-74.0505,Fraud,-2.1,Partly cloudy,partly cloudy
917,2016-01-13,38.9129,-74.554,Assault,2.0,Mainly clear,mainly clear
918,2014-07-19,41.2392,-74.9116,Robbery,-3.1,Overcast,overcast
919,2020-01-12,39.5059,-74.8468,Fraud,-3.2,Overcast,overcast
920,2011-05-31,39.6893,-74.1774,Burglary,-1.9,Overcast,overcast
921,2012-05-15,40.0644,-75.0039,Assault,-3.7,Clear sky,clear sky
922,2011-05-06,39.2963,-74.7365,Assault,-3.7,Clear sky,clear sky
923,2023-01-31,40.9153,-74.4934,Robbery,-2.0,Overcast,overcast
924,2023-10-07,40.3649,-74.4506,Theft,-1.3,Clear sky,clear sky
925,2011-11-24,41.1713,-75.1478,Assault,-3.0,Partly cloudy,partly cloudy
926,2012-04-09,39.2529,-74.4308,Fraud,1.6,Clear sky,clear sky
927,2014-08-23,40.5507,-74.965,Burglary,-2.2,Clear sky,clear sky
928,2020-03-07,40.3271,-74.8456,Fraud,-3.7,Clear sky,clear sky
929,2014-08-19,39.4237,-74.4576,Theft,-3.2,Mainly clear,mainly clear
930,2020-02-06,40.8141,-74.9021,Robbery,-3.6,Overcast,overcast
931,2020-03-11,39.5848,-74.2452,Assault,1.2,Overcast,overcast
932,2010-11-05,39.5292,-75.4223,Theft,-3.7,Clear sky,clear sky
933,2015-04-13,39.1911,-75.27,Theft,1.2,Clear sky,clear sky
934,2014-06-13,41.1845,-75.4736,Assault,-6.6,Overcast,overcast
935,2024-09-28,40.5187,-74.1689,Robbery,-1.4,Partly cloudy,partly cloudy
936,2021-11-14,40.2271,-75.0133,Robbery,-3.5,Clear sky,clear sky
937,2015-04-26,39.2312,-74.7441,Vandalism,-3.4,Clear sky,clear sky
938,2021-06-27,40.8531,-74.0474,Vandalism,-2.3,Partly cloudy,partly cloudy
939,2021-10-01,39.1407,-75.4818,Vandalism,-5.1,Clear sky,clear sky
940,2024-09-09,40.0986,-74.9364,Fraud,-3.1,Clear sky,clear sky
941,2017-05-15,38.9172,-74.8002,Robbery,1.8,Mainly clear,mainly clear
942,2022-12-31,40.3715,-75.0353,Burglary,-2.8,Clear sky,clear sky
943,2018-12-13,40.1517,-74.7566,Vandalism,-2.9,Clear sky,clear sky
944,2016-11-22,39.2894,-74.9326,Robbery,-3.9,Clear sky,clear sky
945,2017-11-22,40.8835,-75.4132,Burglary,-3.9,Clear sky,clear sky
946,2015-03-09,40.3354,-75.2285,Robbery,-4.1,Clear sky,clear sky
947,2023-08-02,40.3331,-74.8956,Burglary,-3.8,Clear sky,clear sky
948,2022-07-29,39.9981,-73.997,Robbery,1.9,Overcast,overcast
949,2021-11-12,40.0103,-74.5796,Robbery,-2.0,Clear sky,clear sky
950,2019-07-05,41.1477,-75.0246,Theft,-3.2,Overcast,overcast
951,2012-04-14,39.3466,-74.7664,Robbery,-2.9,Overcast,overcast
952,2013-07-03,40.1645,-74.3576,Assault,-0.9,Clear sky,clear sky
953,2011-04-17,41.115,-75.3119,Burglary,-4.6,Mainly clear,mainly clear
954,2011-08-06,40.4617,-74.053,Robbery,0.9,Mainly clear,mainly clear
955,2015-12-08,40.0684,-74.4591,Fraud,-2.4,Clear sky,clear sky
956,2014-03-07,39.3816,-74.6334,Robbery,-3.7,Partly cloudy,partly cloudy
957,2011-11-20,39.9022,-75.4625,Robbery,-3.4,Clear sky,clear sky
958,2018-11-18,39.409,-74.8257,Assault,-3.6,Overcast,overcast
959,2021-10-24,39.147,-75.3332,Robbery,0.6,Clear sky,clear sky
960,2018-06-27,39.6237,-74.2905,Fraud,-2.4,Overcast,overcast
961,2018-09-02,39.0834,-75.5966,Vandalism,-4.1,Clear sky,clear sky
962,2013-10-08,39.9777,-75.1059,Fraud,-2.3,Clear sky,clear sky
963,2022-09-21,41.0674,-74.4228,Assault,-2.4,Overcast,overcast
964,2014-06-23,40.1115,-74.666,Vandalism,-2.6,Clear sky,clear sky
965,2017-09-03,40.8857,-75.2312,Fraud,-3.1,Clear sky,clear sky
966,2020-07-21,40.7068,-74.1122,Assault,-1.1,Partly cloudy,partly cloudy
967,2018-07-21,40.5554,-74.739,Theft,-3.6,Clear sky,clear sky
968,2017-02-16,39.4973,-75.1612,Assault,-3.5,Mainly clear,mainly clear
969,2021-02-07,39.2982,-74.1586,Fraud,1.9,Mainly clear,mainly clear
970,2021-10-22,41.3335,-75.0204,Burglary,-5.6,Overcast,overcast
971,2018-07-21,40.5417,-74.4442,Assault,-1.3,Mainly clear,mainly clear
972,2021-04-29,39.6174,-75.2223,Assault,-5.0,Clear sky,clear sky
973,2014-04-28,40.1965,-75.4521,Robbery,-3.1,Clear sky,clear sky
974,2019-11-28,41.2974,-74.1934,Vandalism,-3.8,Clear sky,clear sky
975,2016-08-15,39.0794,-74.5803,Assault,1.9,Clear sky,clear sky
976,2012-12-04,41.1407,-75.2059,Assault,-3.2,Partly cloudy,partly cloudy
977,2011-01-06,40.4864,-75.5328,Fraud,-4.0,Clear sky,clear sky
978,2010-05-05,41.1205,-74.1855,Fraud,-1.8,Overcast,overcast
979,2018-07-20,39.2023,-75.484,Burglary,-6.0,Clear sky,clear sky
980,2024-09-19,39.4608,-75.4914,Robbery,-2.6,Clear sky,clear sky
981,2019-09-26,39.5221,-74.8102,Theft,-3.4,Overcast,overcast
982,2020-09-08,40.3429,-75.1273,Vandalism,-3.2,Clear sky,clear sky
983,2013-05-15,39.196,-75.0552,Burglary,-2.8,Clear sky,clear sky
984,2016-08-17,39.0573,-74.1475,Burglary,2.2,Mainly clear,mainly clear
985,2017-08-14,39.0473,-75.5558,Theft,-4.1,Clear sky,clear sky
986,2018-05-19,40.4217,-74.7346,Burglary,-3.2,Mainly clear,mainly clear
987,2018-09-30,40.3232,-75.0758,Burglary,-3.3,Clear sky,clear sky
988,2018-04-25,39.8727,-73.9435,Assault,1.9,Overcast,overcast
989,2011-10-28,39.6501,-75.4962,Fraud,-3.5,Clear sky,clear sky
990,2017-01-24,39.0383,-74.7697,Burglary,-3.5,Partly cloudy,partly cloudy
991,2016-08-18,41.0304,-75.1049,Vandalism,-2.4,Overcast,overcast
992,2013-01-20,41.0034,-74.7072,Fraud,-2.3,Overcast,overcast
993,2013-04-07,39.8279,-74.9875,Robbery,-2.6,Mainly clear,mainly clear
994,2012-05-11,41.2489,-75.1848,Theft,-4.8,Partly cloudy,partly cloudy
995,2013-05-18,39.2279,-74.3492,Fraud,1.9,Mainly clear,mainly clear
996,2017-03-12,40.4854,-75.1693,Assault,-3.3,Clear sky,clear sky
997,2013-07-29,41.0445,-75.4835,Theft,-5.7,Mainly clear,mainly clear
998,2021-02-10,41.0846,-75.2732,Burglary,-3.2,Overcast,overcast
999,2016-08-01,40.1651,-75.319,Assault,-2.8,Clear sky,clear sky
1000,2015-05-29,41.3811,-73.9334,Theft,-1.0,Clear sky,clear sky
